05acb8e8-4647-4aac-8d68-59d0e76d39d2,PRESFOR,26,68960c28-1b7e-4dbc-a649-db689cb326ce,"",""
a52a613e-b52e-4ddf-a860-f795849a66c7,PRESFOR,29,68960c28-1b7e-4dbc-a649-db689cb326ce,"",""
43a4811f-2ac5-48a6-8484-f20afce2f880,PRESFOR,24,95e76a57-0da5-43f3-b1f2-d757f358653c,"",""
2af4c62d-eaa0-41ce-88d1-7ab05f4f2931,PRESFOR,23,af517d30-028f-4bbd-bb26-51d97a6380a3,"",""
2d4120ae-9886-4cf1-8d57-9014c39a1db7,PRESFOR,18,0dc52f9d-779e-4c26-90e3-9396b6878ef1,"",""
e7efd473-0e49-4989-b762-6f07ecd6a979,PRESFOR,22,0dc52f9d-779e-4c26-90e3-9396b6878ef1,"",""
e8c05d2d-0db0-48c1-abdf-256606dc097e,PRESFOR,25,0dc52f9d-779e-4c26-90e3-9396b6878ef1,"",""
042d4ae8-ab42-40e7-8756-906bdc04f20d,PRESFOR,28,0dc52f9d-779e-4c26-90e3-9396b6878ef1,"",""
bf717f74-d5c1-4bb0-9b91-6dce8c772bfd,PRESFOR,30,95e76a57-0da5-43f3-b1f2-d757f358653c,"",""
f0095ab6-7f4f-404a-87d4-c254b9c09f39,PRESFOR,31,db576cd9-6112-4b81-b937-f203ce473413,"",""
89aee179-b35f-4a4c-be78-23ed5d9ed38e,PRESFOR,12,943c5690-0c13-45ad-97bb-2b27052acf07,"",""
3478ce2c-1d84-4dfb-8d6d-9fa3cfd3ede6,PRESFOR,14,PRESFOR-2025-1,"",""
d1fb509e-5093-437d-8a2a-7d182020109f,PRESFOR,20,PRESFOR-2025-1,"",""
1b08369f-b1b4-45a4-b976-945e132439fa,PRESFOR,12,"",1,AFOR
d66b60a2-65e9-45c3-9f7e-1428dcfe50a3,PRESFOR,14,"",1,AFOR
9b2889d6-9287-45ad-8e30-4a57d6d5c950,PRESFOR,18,"",1,AFOR
b8be53d3-2003-4f12-a231-e953a78a30ad,PRESFOR,20,"",1,AFOR
e47f14d2-9059-4590-a012-29bba8c66c37,PRESFOR,22,"",1,AFOR
5928f901-a9ae-4e80-8203-58b880068d19,PRESFOR,23,"",1,AFOR
f7315635-d324-4ae2-b855-318a236925f3,PRESFOR,24,"",1,AFOR
72c85c01-d42c-4043-a5cb-6b8123822d4c,PRESFOR,25,"",1,AFOR
c0e8d1c3-5cf5-4b67-a545-41910c0be9ff,PRESFOR,26,"",1,AFOR
88b2dab4-6148-48af-9ef1-80233f99b0e8,PRESFOR,28,"",1,AFOR
4b39232b-4272-432d-af03-a5d78ae58eff,PRESFOR,29,"",1,AFOR
958a2283-fb22-471f-80c5-63e3be901255,PRESFOR,30,"",1,AFOR
c5a79a94-f682-4f8e-9590-12d9e92c0a31,PRESFOR,31,"",1,AFOR
4bb60c49-46be-489b-b716-db8113bf861c,PRESFOR,12,"",2,AFOR
4705aa57-ec1e-4191-bdc1-718378e02c17,PRESFOR,14,"",2,AFOR
56ab713e-1730-486a-8d29-a123e8d7581a,PRESFOR,18,"",2,AFOR
6aa6f758-3703-4f0f-930d-60ee8b37cccd,PRESFOR,20,"",2,AFOR
4ca4af0c-b6f2-4d8f-9d19-4feb2b853516,PRESFOR,22,"",2,AFOR
bf16762b-b50b-4abf-9429-e4cec1f22c0e,PRESFOR,23,"",2,AFOR
c3d0f20d-217f-4d08-aa93-62a33b27c3ca,PRESFOR,24,"",2,AFOR
86ab116a-3019-43c1-8022-f0e8185a2756,PRESFOR,25,"",2,AFOR
02539109-02cf-4f12-a320-c75664b23018,PRESFOR,26,"",2,AFOR
4c5c46ac-0e54-4153-8cb3-c1028c5355ee,PRESFOR,28,"",2,AFOR
fcd9c47a-9900-4546-9988-b273fba9f4b6,PRESFOR,29,"",2,AFOR
7bbd5cec-7a2c-48e1-99bf-da46b87c87dd,PRESFOR,30,"",2,AFOR
5b6f9df9-a9ca-4f81-81e8-364c043434ab,PRESFOR,31,"",2,AFOR
372121f3-7b56-46ef-9072-0e76926bd45f,PRESFOR,12,"",3,""
817c72d6-f7a2-4fd1-b623-57fafd28059a,PRESFOR,14,"",3,""
71b23d04-21ef-4279-8c5a-29994090d135,PRESFOR,18,"",3,""
39934f92-cc03-4277-804d-2cbf9b201204,PRESFOR,20,"",3,""
d39fccb0-5835-43ef-aeec-eba928054496,PRESFOR,22,"",3,""
3f87d090-a6fa-4259-85f4-9209d91d77a2,PRESFOR,23,"",3,""
8e2c7f28-ecb4-445a-a7f6-ad8918e6ca9b,PRESFOR,24,"",3,""
81dd0e4c-12cf-4270-9d7c-9b6458280870,PRESFOR,25,"",3,""
80c9068e-637f-4f2f-8334-ebba0144c3a0,PRESFOR,26,"",3,""
b746c3bd-abc0-4a1c-b851-ac8b81534e18,PRESFOR,28,"",3,""
915227dd-0200-46ea-b93f-d6de25c05419,PRESFOR,29,"",3,""
38cba4dd-7d26-4d60-b426-f10ab662a422,PRESFOR,30,"",3,""
cda2a652-1083-4762-8a99-7f051f269336,PRESFOR,31,"",3,""
698e693c-bab6-477a-9d5a-9ce4d5a646f1,PRESFOR,DA,db576cd9-6112-4b81-b937-f203ce473413,"",""
0b72a508-5585-4875-ac12-39a1f57300c6,PRESFOR,01,af517d30-028f-4bbd-bb26-51d97a6380a3,"",""
0d221bc4-4525-4471-82df-ecaf7d7c1dd4,PRESFOR,07,"",2,AFOR
3b38b2cb-b69c-45b2-9dc6-2edd7b06e629,PRESFOR,07,db576cd9-6112-4b81-b937-f203ce473413,"",""
5252fae6-3def-496e-82c9-f23c60334157,PRESFOR,01,"",1,AFOR
5d37542d-53e5-4259-9f27-0045fdc12269,PRESFOR,07,"",3,""
a6216e6f-d249-4e58-8a5b-3bfeac802d05,PRESFOR,01,"",3,""
c4b616f9-a8dd-4186-8fdd-f4247428bef9,PRESFOR,02,"",1,AFOR
cf70aa40-19f1-4f97-b259-bbbcc7453763,PRESFOR,02,943c5690-0c13-45ad-97bb-2b27052acf07,"",""
d42c1996-a0c5-41d4-9db6-615d5325edf0,PRESFOR,02,"",3,""
e6d6a629-ef59-41d9-b8dd-c54a2652a952,PRESFOR,02,"",2,AFOR
f060a87b-aca9-4880-bca5-c1cd58012713,PRESFOR,07,"",1,AFOR
f8a709ce-0823-485a-8b10-bdc4845acbc3,PRESFOR,01,"",2,AFOR
1149be79-b7a5-46d1-ac93-ffb040b4671c,PASFOR,29,,,AFOR-PASFOR
2e9ab844-dbde-42cc-915a-c358f413cccf,PASFOR,26,,,AFOR-PASFOR
d172acbc-fd90-4aba-bab1-5bf828d1fbe7,PASFOR,15,,,AFOR-PASFOR
fa1cc3f5-4a53-4c9f-bec8-760ecd5f26d8,PASFOR,09,,,AFOR-PASFOR
be5983f4-b966-431b-b775-012a17817bac,HP,01,,,AFOR-HP
2a56626f-b95c-451e-ba50-dd3ba8d14aaf,HP,02,,,AFOR-HP
622209af-f816-44d2-8266-ff745298a1ca,HP,03,,,AFOR-HP
f595c3c4-23f6-4770-8c6e-b7db7931e5b3,HP,04,,,AFOR-HP
90ad4a88-5b3f-4615-840c-00f082978878,HP,05,,,AFOR-HP
fd9c5969-7e6f-4d8a-8f82-3a6623a41cd8,HP,06,,,AFOR-HP
81f1ba67-4c10-4b27-ae73-ace7bf1d0ef6,HP,07,,,AFOR-HP
14109743-df39-4719-89e3-fec64d3b0d37,HP,08,,,AFOR-HP
cb40023c-63b8-45d5-b010-bc40b8d10766,HP,09,,,AFOR-HP
201edaae-7999-4715-bf84-c85cf6f35477,PRESFOR,12,"",1,AFOR-DSIG
1cd01e44-40f3-4609-958d-b9a5606af8d5,PRESFOR,14,"",1,AFOR-DSIG
56e9b44d-82c4-4bd3-8b77-928962d89d4d,PRESFOR,18,"",1,AFOR-DSIG
8e4a089a-e8b4-44fc-92b0-0c40d0b9496e,PRESFOR,20,"",1,AFOR-DSIG
d38be624-629f-4c68-bd1a-9af858719235,PRESFOR,22,"",1,AFOR-DSIG
5a74c9a7-3794-4ad7-99e3-51db1de627bb,PRESFOR,23,"",1,AFOR-DSIG
0e7e318c-bf45-476e-8281-f9a5b01b214a,PRESFOR,24,"",1,AFOR-DSIG
51a03b5d-4067-49d4-b0a8-64cd37366503,PRESFOR,25,"",1,AFOR-DSIG
0f5de707-b317-457e-af71-0bcd72b49de5,PRESFOR,26,"",1,AFOR-DSIG
98afb021-a2fa-4a89-b1ec-f74305fb6cc4,PRESFOR,28,"",1,AFOR-DSIG
dcac8c6a-ffa6-4acc-81fa-1ec5082f8bd1,PRESFOR,29,"",1,AFOR-DSIG
5a95df61-1e2e-4ca6-9f5d-edbce7e9423f,PRESFOR,30,"",1,AFOR-DSIG
5df2de18-e492-4d99-82da-af90132223ab,PRESFOR,31,"",1,AFOR-DSIG
bd137acc-3b49-4c0d-a8f0-cadb4ad03f69,PRESFOR,12,"",2,AFOR-DSIG
3f97024d-0024-4751-9abe-2621196c8f77,PRESFOR,14,"",2,AFOR-DSIG
cea0c608-3bfc-40cc-9077-7033bfb67bd8,PRESFOR,18,"",2,AFOR-DSIG
23a29bf4-b4de-415a-bdd7-51a9f629bc98,PRESFOR,20,"",2,AFOR-DSIG
aba68ada-35a3-44ca-a39d-7ac2f44b5670,PRESFOR,22,"",2,AFOR-DSIG
21f12352-db44-469f-a880-4105f8421a9c,PRESFOR,23,"",2,AFOR-DSIG
359bb262-e899-41d7-82dd-d217ffcd6c26,PRESFOR,24,"",2,AFOR-DSIG
f22e52ec-3677-4ac9-b9ac-d97ddfa7da57,PRESFOR,25,"",2,AFOR-DSIG
02277df6-6b3b-4a24-a3fa-3e59a97eabce,PRESFOR,26,"",2,AFOR-DSIG
5db618a1-5eab-4118-abb1-741fd7215056,PRESFOR,28,"",2,AFOR-DSIG
99bd1287-9ee7-4f3a-9c80-d8abda3857b5,PRESFOR,29,"",2,AFOR-DSIG
dfdb6675-0978-4625-9e61-28616f916a55,PRESFOR,30,"",2,AFOR-DSIG
8c46de94-c581-4a47-955b-942639d7b19f,PRESFOR,31,"",2,AFOR-DSIG
6f6e7af8-850e-4b41-9a6b-0cd67d6fa451,PRESFOR,07,"",2,AFOR-DSIG
d8844098-255a-4b32-92cc-9b5706d398ba,PRESFOR,01,"",1,AFOR-DSIG
aca53c98-8f58-4113-80b9-d8c59209de67,PRESFOR,02,"",1,AFOR-DSIG
73d01ac6-f932-42b3-b973-5386853d3dcd,PRESFOR,02,"",2,AFOR-DSIG
04cb85da-37ad-404e-9181-1c574e50a6e5,PRESFOR,07,"",1,AFOR-DSIG
7243dba9-862a-4a2a-9ff8-f990b959a1a7,PRESFOR,01,"",2,AFOR-DSIG
984d92ee-84b8-44ad-af52-fde03e2115b9,HP,10,,,AFOR-HP
ddecfba4-20fa-4c93-a0b6-3d65758a6325,HP,11,,,AFOR-HP
3d0345ac-09c2-49f8-b934-84c2ff884334,HP,12,,,AFOR-HP
f17cbbc8-beac-4bef-b465-b3a00f470893,HP,13,,,AFOR-HP
428c83fd-731e-44f3-9123-506d6044afca,HP,14,,,AFOR-HP
ba5c7266-24d7-4c2a-b494-2d3532e35952,HP,15,,,AFOR-HP
309ea611-074c-40fa-b237-e2263290e4c8,HP,16,,,AFOR-HP
4df51b20-c39a-4f95-b1f5-90ecaf71e170,HP,17,,,AFOR-HP
d62f9363-c126-45c1-a312-df941fd24c99,HP,18,,,AFOR-HP
0da892ab-9dab-4735-b9f5-4483622617de,HP,19,,,AFOR-HP
e0d6e8ac-194d-4a23-b41f-29c232210c84,HP,20,,,AFOR-HP
0ad2896a-80e4-4113-b678-55ea7e01afaf,HP,21,,,AFOR-HP
8edd4818-727b-4bb1-957b-fb93d2700ff7,HP,22,,,AFOR-HP
79798e4f-d02f-4ff2-bd05-9a33987f39c3,HP,23,,,AFOR-HP
d8861071-70df-4197-8ff1-670172f02824,HP,24,,,AFOR-HP
3739ac99-179d-41d1-9262-967a61ecdb49,HP,25,,,AFOR-HP
99665753-ee57-4e4f-8e21-af54c3295b16,HP,26,,,AFOR-HP
c1994057-242e-4b31-b86e-69654a9d137a,HP,27,,,AFOR-HP
111899fc-9615-420f-9d7b-cb6270b0fead,HP,28,,,AFOR-HP
4ad97b50-1826-49d3-9ec8-5c8b8d5da790,HP,29,,,AFOR-HP
38c96392-948b-4207-8dab-4b19a5f4396d,HP,30,,,AFOR-HP
59bcefd5-e401-454f-ad3c-19c475b2c091,HP,31,,,AFOR-HP
b2301ca5-85f3-4488-97e3-8f927d1ceaf5,HP,DA,,,AFOR-HP
6af2ad47-7d25-4631-91fd-c4be98581ae1,HP,DY,,,AFOR-HP
7f3aa7cf-0ddd-4e50-a570-c6bf84238219,PRESFOR,DA,,,AFOR
44118d0a-038b-42be-be4e-34c1b37ea67a,PRESFOR,DY,,,AFOR
8bf2b68e-dab3-43cb-a4ec-732164f49bdf,PRESFOR,DA,,,AFOR-DSIG
107b8ec1-fb20-44e1-bbaa-323c80110ed0,PRESFOR,DY,,,AFOR-DSIG
