1,ABOUDE,1
2,AGBOVILLE,1
3,ANANGUIE,1
4,ATTOBROU,1
5,AZAGUIE,1
6,CECHI,1
7,GRAND-MORIE,1
8,GUESSIGUIE,1
9,LOVIGUIE,1
10,ORESS-KROBOU,1
11,RUBINO,1
12,GOMON,2
13,SIKENSI,2
14,PACOBO,3
15,TAABO,3
16,GBOLOUVILLE,4
17,MOROKRO,4
18,N'DOUCI,4
19,TIASSALE,4
31,DIOMAN,7
32,FOUNGBESSO,7
25,GBELO,6
26,GOUEKAN,6
33,GUINTEGUELA,7
24,NIOKOSSO,5
23,MAHANDOUGOU,5
22,KORO,5
27,KOONAN,6
28,OUANINOU,6
29,SABOUDOUGOU,6
30,SANTA,6
34,TOUBA,7
21,BOROTOU,5
20,BOOKO,5
35,BAYA,8
36,BOUNDIALI,8
37,GANAONI,8
38,KASSERE,8
39,SIEMPURGO,8
40,BLESSEGUE,9
41,GBON,9
42,KOLIA,9
43,KOUTO,9
44,SIANHALA,9
45,DEBETE,10
46,KANAKONO,10
47,PAPARA,10
48,TENGRELA,10
49,BOLI,11
50,DIDIEVI,11
51,MOLONOU-BLE,11
52,RAVIART,11
53,TIE-N'DIEKRO,11
54,BONIKRO,12
55,DJEKANOU,12
56,LOMOKANKRO,13
57,MOLONOU,13
58,TIEBISSOU,13
59,YAKPABO-SAKASSOU,13
60,ANGONDA,14
61,KOKUMBO,14
62,KPOUEBO,14
63,TOUMODI,14
64,DIANRA,15
65,DIANRA-VILLAGE,15
66,KONGASSO,16
67,KOUNAHIRI,16
68,BOUANDOUGOU,17
69,MANKONO,17
70,MARANDALLAH,17
71,SARHALA,17
72,TIENINGBOUE,17
73,BOUKO,18
508,BOUNA,18
74,ONDEFIDOUO,18
75,YOUNDOUO,18
76,DANOA,19
77,DOROPO,19
78,KALAMON,19
79,NIAMOUE,19
80,BOGOFA,20
81,KAKPIN,20
82,KOUTOUBA,20
83,NASSIAN,20
84,SOMINASSE,20
85,GOGO,21
86,TEHINI,21
87,TOUGBO,21
88,BLOLEQUIN,22
89,DIBOKE,22
90,DOKE,22
91,TINHOU,22
92,ZEAGLO,22
93,BEDY-GOAZON,23
94,GUIGLO,23
95,KAADE,23
96,NIZAHON,23
97,TAI,24
98,ZAGNE,24
99,BAKOUBLI,25
100,MEO,25
101,NEZOBLY,25
102,PEHE,25
103,TIOBLY,25
104,TOULEPLEU,25
510,ABIDJAN,26
105,ANYAMA,26
106,BINGERVILLE,26
107,BROFODOUME,26
108,SONGON,26
109,ATTIEGOUAKRO,27
110,LOLOBO,27
111,KOSSOU,28
112,YAMOUSSOUKRO,28
113,GOULIA,29
114,KANIASSO,29
115,MAHANDIANA-SOKOURANI,29
116,KIMBIRILA-NORD,30
117,MINIGNAN,30
118,SOKORO,30
119,TIENKO,30
120,ANDO-KEKRENOU,31
121,BEOUMI,31
122,BODOKRO,31
123,KONDROBO,31
124,LOLOBO,31
125,MARABADJASSA,31
126,N'GUESSANKRO,31
127,BOTRO,32
128,DIABO,32
129,KROFOINSOU,32
130,LANGUIBONOU,32
131,AYAOU-SRAN,33
132,BOUAKE,33
133,BOUNDA,33
134,BROBO,33
135,DJEBONOUA,33
136,MAMINI,33
137,DIBRI-ASRIKRO,34
138,SAKASSOU,34
139,TOUMODI-SAKASSOU,34
140,DAHIRI,35
141,FRESCO,35
142,GBAGBAM,35
143,DAKPADOU,36
144,GRIHIRI,36
145,LOBAKUYA,36
146,MEDON,36
147,SAGO,36
148,SASSANDRA,36
149,BAYOTA,37
150,DAHIEPA-KEHI,37
151,DIGNAGO,37
152,DOUGROUPALEGNOA,37
153,DOUKOUYO,37
154,GAGNOA,37
155,GALEBOUO,37
156,GNAGBODOUGNOA,37
157,GUIBEROUA,37
509,OURAGAHIO,37
158,SERIHIO,37
159,YOPOHUE,37
160,DIEGONEFLA,38
161,GUEPAHOUO,38
162,OUME,38
163,TONLA,38
164,APPIMANDOUM,39
165,BONDO,39
166,BONDOUKOU,39
167,GOUMERE,39
168,LAOUDI-BA,39
169,PINDA-BOROKO,39
170,SAPLI-SEPINGO,39
171,SOROBANGO,39
172,TABAGNE,39
173,TAGADI,39
174,TAOUDI,39
175,YEZIMALA,39
176,BOAHIA,40
177,KOKOMIAN,40
178,KOUASSI-DATEKRO,40
179,KOUN-FAO,40
180,TANKESSE,40
181,TIENKOIKRO,40
182,BANDAKAGNI-TOMORA,41
183,DIMANDOUGOU,41
184,SANDEGUE,41
185,YOROBODI,41
186,AMANVI,42
187,DIAMBA,42
188,TANDA,42
189,TCHEDIO,42
190,ASSUEFRY,43
191,KOUASSIA-NIAGUINI,43
192,TRANSUA,43
193,DABOU,44
194,LOPOU,44
195,TOUPAH,44
196,AHOUANOU,45
197,BACANDA,45
198,EBONOU,45
199,GRAND-LAHOU,45
200,TOUKOUZOU,45
201,ATTOUTOU,46
202,JACQUEVILLE,46
203,BANGOLO,47
204,BEOUE-ZIBIAO,47
205,BLENIMEOUIN,47
206,DIEOUZON,47
207,GOHOUO-ZAGNA,47
208,GUINGLO-TAHOUAKE,47
209,KAHIN-ZARABAON,47
210,ZEO,47
211,ZOU,47
212,BAGOHOUO,48
213,DUEKOUE,48
214,GBAPLEU,48
215,GUEHIEBLY,48
216,GUEZON,48
433,TABOU,95
217,FACOBLY,49
218,GUEZON,49
219,KOUA,49
220,SEMIEN,49
221,TIENY-SEABLY,49
222,KOUIBLY,50
223,NIDROU,50
224,OUYABLY-GNONDROU,50
225,TOTRODROU,50
226,BASSAWA,51
227,BONIEREDOUGOU,51
228,DABAKALA,51
229,FOUMBOLO,51
230,NIEMENE,51
231,SATAMA-SOKORO,51
232,SATAMA-SOKOURA,51
233,SOKALA-SOBARA,51
234,TENDENE-BAMBARASSO,51
235,YAOSSEDOUGOU,51
236,FRONAN,52
237,KATIOLA,52
238,TIMBE,52
239,ARIKOKAHA,53
240,BADIKAHA,53
241,NIAKARAMADOUGOU,53
242,NIEDEKAHA,53
243,TAFIRE,53
244,TORTIYA,53
245,BEDIALA,54
246,DALOA,54
247,GADOUAN,54
248,GBOGUHE,54
249,GONATE,54
250,ZAIBO,54
251,BOGUEDIA,55
252,IBOGUHE,55
253,ISSIA,55
254,NAHIO,55
255,NAMANE,55
256,SAIOUA,55
257,TAPEGUIA,55
258,BAZRA NATTIS,56
259,DANANON,56
260,DANIA,56
261,KETRO BASSAM,56
262,SEITIFLA,56
263,VAVOUA,56
264,DOMANGBEU,57
265,GREGBEU,57
266,GUESSABO,57
267,ZOUKOUGBEU,57
270,DAOUKRO,58
271,ETTROKRO,58
272,N'GATTAKRO,58
274,SAMANZA,58
275,BONGUERA,59
276,KONDOSSOU,59
277,M'BAHIAKRO,59
268,AKPASSANOU,110
269,ANANDA,110
273,OUELLE,110
278,ANIANOU,60
279,FAMIENKRO,60
280,KOFFI-AMONKRO,60
281,NAFANA,60
282,PRIKRO,60
283,ABENGOUROU,61
284,AMELEKIA,61
285,ANIASSUE,61
286,EBILASSOKRO,61
287,NIABLE,61
288,YAKASSE-FEYASSE,61
289,ZARANOU,61
290,AGNIBILEKROU,62
291,AKOBOISSUE,62
292,DAME,62
293,DUFFREBO,62
294,TANGUELAN,62
295,BETTIE,63
296,DIAMARAKRO,63
297,GBELEBAN,64
298,SAMANGO,64
299,SEYDOUGOU,64
302,FENGOLO,66
303,MADINANI,66
304,N'GOLOBLASSO,66
305,BAKO,67
306,BOUGOUSSO,67
307,DIOULATIEDOUGOU,67
300,ODIENNE,66
301,TIEME,66
308,KIMBIRILA-SUD,68
309,SAMATIGUILA,68
310,GBONGAHA,69
311,SEGUELON,69
312,CHIEPO,70
313,DIDOKO,70
314,DIVO,70
315,HIRE,70
316,NEBO,70
317,OGOUDOU,70
318,ZEGO,70
319,DAIRO-DIDIZO,71
320,GUITRY,71
321,LAUZOUA,71
322,YOCOBOUE,71
323,DJIDJI,72
324,GAGORE,72
325,GOUDOUKO,72
326,LAKOTA,72
327,NIAMBEZARIA,72
328,ZIKISSO,72
330,BONON,111
335,ZAGUIETA,111
329,BEGBESSOU,73
331,BOUAFLE,73
332,N'DOUFFOUKANKRO,73
333,PAKOUABO,73
334,TIBIETA,73
340,GOHITAFLA,112
341,IRIEFLA,112
343,MAMINIGUI,112
336,BAZRE,74
337,KONONFLA,74
338,KOUETINFLA,74
339,SINFRA,74
342,KANZRA,75
344,VOUEBOUFLA,75
345,ZANZRA,75
346,ZUENOULA,75
347,ADZOPE,76
348,AGOU,76
349,ANNEPE,76
350,ASSIKOI,76
351,BECEDI-BRIGNAN,76
352,YAKASSE-ME,76
353,AFFERY,77
354,AKOUPE,77
355,BECOUEFIN,77
356,ABOISSO-COMOE,78
357,ALEPE,78
358,ALLOSSO,78
359,DANGUIRA,78
360,OGHLWAPO,78
361,ABONGOUA,79
362,BIEBY,79
363,YAKASSE-ATTOBROU,79
364,ARRAH,80
365,KOTOBI,80
366,KREGBE,80
367,ANDE,81
368,ASSIE-KOUMASSI,81
369,BONGOUANOU,81
370,N'GUESSANKRO,81
371,ANOUMABA,82
372,ASSAHARA,82
373,M'BATTO,82
374,TIEMELEKRO,82
375,BUYO,83
376,DAPEOUA,83
377,DABOUYO,84
378,GUEYO,84
379,GNAMANGUI,85
380,MEAGUI,85
381,OUPOYO,85
382,GRAND-ZATTRY,86
383,LILIYO,86
384,OKROUYO,86
385,SOUBRE,86
386,BENGASSOU,87
387,BOCANDA,87
388,KOUADIOBLEKRO,87
389,N'ZECREZESSOU,87
390,ABIGUI,88
391,DIANGOKRO,88
392,DIMBOKRO,88
393,NOFOU,88
394,KOUASSI-KOUASSIKRO,89
395,MEKRO,89
396,BORON,90
397,DIKODOUGOU,90
398,GUIEMBE,90
399,DASSOUNGBOHO,91
400,KANOROBA,91
401,KARAKORO,91
402,KIEMOU,91
403,KOMBOLOKOURA,91
404,KOMBORODOUGOU,91
405,KONI,91
406,KORHOGO,91
407,LATAHA,91
408,NAFOUN,91
409,NAPIE,91
410,N'GANON,91
411,NIOFOIN,91
412,SIRASSO,91
413,SOHOUO,91
414,TIORONIARADOUGOU,91
415,BOUGOU,92
416,KATIALI,92
417,KATOGO,92
418,M'BENGUE,92
419,Baouakaha,93
420,KAGBOLODOUGOU,93
421,SEDIOGO,93
422,SINEMATIALI,93
423,DOBA,94
424,DOGBO,94
425,GABIADJI,94
426,GRAND-BEREBY,94
427,SAN PEDRO,94
428,DAPO-IBOKE,95
429,DJAMANDIOKE,95
430,DJOUROUTOU,95
431,GRABO,95
432,OLODIO,95
434,ABOISSO,96
435,ADAOU,96
436,ADJOUAN,96
437,AYAME,96
438,BIANOUAN,96
439,KOUAKRO,96
440,MAFERE,96
441,YAOU,96
442,ADIAKE,97
443,ASSINIE-MAFIA,97
444,ETUEBOUE,97
445,BONGO,98
446,BONOUA,98
447,GRAND-BASSAM,98
448,NOE,99
449,NOUAMOU,99
450,TIAPOUM,99
451,FERKESSEDOUGOU,100
452,KOUMBALA,100
453,TOGONIERE,100
454,BILIMONO,101
455,KONG,101
456,NAFANA,101
457,SIKOLO,101
458,DIAWALA,102
459,KAOUARA,102
460,NIELLE,102
461,OUANGOLODOUGOU,102
462,TOUMOUKORO,102
463,BIANKOUMA,103
464,BLAPLEU,103
465,GBANGBEGOUINE,103
466,GBONNE,103
467,GOUINE,103
468,KPATA,103
469,SANTA,103
470,DALEU,104
471,DANANE,104
472,GBON-HOUYE,104
473,KOUAN-HOULE,104
474,MAHAPLEU,104
475,SEILEU,104
476,ZONNEU,104
477,BOGOUINE,105
478,FAGNAMPLEU,105
479,GBANGBEGOUINE-YATI,105
480,LOGOUALE,105
481,MAN,105
482,PODIAGOUINE,105
483,SANDOUGOU-SOBA,105
484,SANGOUINE,105
485,YAPLEU,105
486,ZAGOUE,105
487,ZIOGOUINE,105
488,SIPILOU,106
489,YORODOUGOU,106
490,BANNEU,107
491,BIN-HOUYE,107
492,GOULALEU,107
493,TEAPLEU,107
494,YELLEU,107
495,ZOUAN-HOUNIEN,107
496,DJIBROSSO,108
497,FADIADOUGOU,108
498,KANI,108
499,MORONDO,108
500,BOBI,109
501,DIARABANA,109
502,DUALLA,109
503,KAMALO,109
504,MASSALA,109
505,SEGUELA,109
506,SIFIE,109
507,WOROFLA,109
